filename,blur
aamnsxdfcsnrdkyczxnm.jpg,0.269
acgycwqzujjxrigweldc.jpg,0.269
achfvibipchzipmhtjow.jpg,0.6998
adicqesamknapclvcesb.jpg,0.269
aefilcxppgkwhnusvziq.jpg,0.2691
afbmymiwhhvozvwexzty.jpg,0.7304
agsxpjnxlikqtitjyivk.jpg,0.269
ahhoaringspcwydusezm.jpg,0.269
ahqjkaowvephhufdlvgu.jpg,0.3077
ajvtvvkutaphcgashzvg.jpg,0.2704
akpedwlmvfgipnhviufr.jpg,0.269
ambstcwzvhqxqmocuryr.jpg,0.7308
amcyvzprallpofwrugll.jpg,0.2693
amrqjubcbdohtaqnvpps.jpg,0.269
anfevagjcqdjqmwwlmll.jpg,0.269
aokafwotfflenmfzyyuo.jpg,0.269
aokmotpfevqikpmwfqwu.jpg,0.269
aolwdjviypgegcstmhru.jpg,0.731
aowheuufqxlfkepkfpvq.jpg,0.269
aqjepqjnrymrwmlnvdaz.jpg,0.269
asccexyuuyrtistxedwx.jpg,0.731
atmycuvwoxgqwzarzdbu.jpg,0.426
atoinaiktqfxknqlnukb.jpg,0.2697
avgbkpxmnbhcwsefrfkg.jpg,0.269
avyntacsmhdnozlckspe.jpg,0.269
axrwgapnnuhhugshgqut.jpg,0.27
axwqnvsyiuqhfygkwmmo.jpg,0.2692
ayfgnuvqgptisrxcoqnq.jpg,0.3943
aympdffhfzpyffrvvqqv.jpg,0.269
azhhybbdtoewbearimuo.jpg,0.731
azqyrckboqvjbhpfpiws.jpg,0.7302
azvrvnfqanrhegrxkroh.jpg,0.7298
baxlrhnrilyhfdqcakfw.jpg,0.269
bbcnocktbtqpxicaqmng.jpg,0.7308
bbqqptgghbvomtxsywte.jpg,0.7296
bbyjbobcyjzrmcwkrfcs.jpg,0.731
bdjididfhrbheuicevte.jpg,0.2691
beekjrzbfngakpjqaemh.jpg,0.269
beomagnrhfsisfjbfssp.jpg,0.269
bfzdzfovffpckdgbyttd.jpg,0.7035
bgfxvzqagcycfqqbfksn.jpg,0.269
biqwrzvglbxbhndhdfpm.jpg,0.269
bjiygszkqrycghuwsdme.jpg,0.7168
bjrbrsmsnopjatlenpmk.jpg,0.2716
bjwahkffgkhnhymblxxm.jpg,0.731
bkarmyfjvujywftstzap.jpg,0.269
blamwtalsacrzqkdzgwp.jpg,0.2697
blwpotxpktaucsfgjkne.jpg,0.7309
bmlfgszjiysqfvrpqrex.jpg,0.7306
bnjtdfzagwkvtpmzzbrj.jpg,0.731
bnxzvzqlzlnnbxfkcuin.jpg,0.269
bokvyndjthzntknxaezo.jpg,0.7306
bqujqogdxybnwmpvkgws.jpg,0.5948
brayxthtjjpogblztpwr.jpg,0.7306
brbntfonfyzzpubepugm.jpg,0.689
brhkskjxaltuplkduekb.jpg,0.269
brusfwkqdcoevwzqtqjm.jpg,0.2703
brwxdhouysdqzpaellci.jpg,0.7246
btjlbujvpejorkpxmxwk.jpg,0.269
btqsguzljzeqijyvbaru.jpg,0.269
buabusyljgjkvcclmbzi.jpg,0.269
bubphlsjnxrhzokhqlzt.jpg,0.269
bufbghzhgdgztfhplaek.jpg,0.731
buhygssmuijxlslkmnvh.jpg,0.2761
bwdhdzcquvlpkpqlvgci.jpg,0.269
bwqfptjoxklrllobonzh.jpg,0.269
byrkvfswhgzpglwikazp.jpg,0.269
cbdbktubndponpzwhpvt.jpg,0.7302
ccaswajyzazqgoecyulc.jpg,0.269
cdofnicgfwkkmhtlknqh.jpg,0.7307
cerbjsyueeumsovpydvo.jpg,0.7134
cfcrorbvsomiwwzttxus.jpg,0.73
cfleibdwzsanjpvcqexy.jpg,0.5246
cfyggordhpckyigktfio.jpg,0.269
cguzzzvnheanxnfrkmtr.jpg,0.269
ciditffmiqnmbbxklcrw.jpg,0.269
cikwqtdkyvxoultdcuqt.jpg,0.269
citkdckqbdqmlkbcnnof.jpg,0.269
cjqeuthfgwbenhxwjquz.jpg,0.269
cjskoixfbxbduiijakzn.jpg,0.7306
cjuajtevbfwfcrafqcdc.jpg,0.269
cjzmwrfzatdpaaapuuss.jpg,0.269
clrbniiljdfhxmkildut.jpg,0.269
cmhschjocmtmxxhfkxcs.jpg,0.269
cnenkslwwbgocnijlwxj.jpg,0.2785
colmrwqpgabtxexgtzgy.jpg,0.269
cpexqavvktkyrrxrxwzp.jpg,0.3055
cprkibrmofgvqsaalpzi.jpg,0.269
ctqhcusxkjcgnlugsphx.jpg,0.269
curxlqokritvivupbvae.jpg,0.2785
cutxyylipojsjoidymvy.jpg,0.7307
cuyrxdqnmrjtzjleabol.jpg,0.2695
cvupuiieibnpyfdkipzl.jpg,0.731
cvwlzhpbguuglfgpsewz.jpg,0.269
cvwxlwpccxcxaiiityxt.jpg,0.269
cvyemelmctwiejfnlfpg.jpg,0.269
cvywfzbjpzovfipoaoct.jpg,0.2754
cwdtymfhrpvxbzeukpba.jpg,0.269
cxniyfqjwcmbiknkzseo.jpg,0.7282
cxspufsqkzcprmtorxpt.jpg,0.7246
czepwdnwupifallqfkdu.jpg,0.731
czuxsqomfyyggkhequyy.jpg,0.269
daexmalfngbkissdhpkz.jpg,0.7237
dbyqfobipkzoqdhisaui.jpg,0.269
dccwzocpllhckdsquktv.jpg,0.269
dhgqbhtozuesxwyconpq.jpg,0.7285
dhnzmwmzoaagjfinnyad.jpg,0.269
diozqjcrfyqazbgrdgyg.jpg,0.2715
dksixoyzixehufohddyz.jpg,0.269
dmbvylfophveiyaemchz.jpg,0.269
dmqahxuzuigkkyjrbanr.jpg,0.7309
dmqmzuvyumfoucfblzro.jpg,0.269
dnhfbaxoxaivufzcorgb.jpg,0.731
dnxfjtkxdwutrsixnasw.jpg,0.269
dodocoomcrgxntvvijvx.jpg,0.2805
dpruqgpcwdjjqnfxmizt.jpg,0.2707
dqpgutxqklchvtqlhqme.jpg,0.2691
dscjlkfreeefhfhxnvot.jpg,0.269
dsiduhbvpixxvycobvdl.jpg,0.2691
dslikkgqpbcgfkymdcpp.jpg,0.7308
dsyuzpzwzhlvxvqjcvda.jpg,0.269
dtmlchtshnukqbcxwgnm.jpg,0.269
dueldbepgnxacbmyalmi.jpg,0.712
dufxhphtkcneaaxcoqlf.jpg,0.7303
duhklhliopmjqrrvebpw.jpg,0.2703
dvglmxldnjwhubgmiqxd.jpg,0.731
dxhxlumnlgqzuafvxhax.jpg,0.6371
dzfpznizsensebcwkjyb.jpg,0.269
dzhodeqegzhepdwgpymp.jpg,0.269
dzouceeoxvcavjkysvht.jpg,0.2691
eaqxmtwjytssidisdfam.jpg,0.731
eaufgfyvsgpqypnspety.jpg,0.723
ebbimkeusnvntpkqedvl.jpg,0.2691
eboyzwpcvislemzysmeb.jpg,0.269
ecbbvrsfqhsuimbkymyz.jpg,0.2708
eenjodgpssbljeccbgdx.jpg,0.269
eeyaydrysujiislvigcx.jpg,0.269
eezlfnpcwckibvkbebie.jpg,0.269
efdclzzuobnwcqnynuwp.jpg,0.2691
ehphrjwwrqhhdczudpho.jpg,0.5633
eidavtckciwiknjylawh.jpg,0.3432
eigzvglsrmspwcimcnpm.jpg,0.2829
eimopgbaonevbsklqqmr.jpg,0.269
eirvpncabutrvlwveshx.jpg,0.2978
ejfwkjphvcwturrelqon.jpg,0.269
ejfyqxzfnuryypfceokh.jpg,0.269
ejgrodzlnaxwirnyjvfu.jpg,0.269
ejzdmftwilwrwvxlehxr.jpg,0.7301
ekhtqkmtwrkpbrndzlrs.jpg,0.269
eksgeyzhslmsgmoqgbdt.jpg,0.269
elhmmqeffqqiipaunttu.jpg,0.27
ellklyryoflqvdsqxqbe.jpg,0.269
elpfkaolfkgldualuios.jpg,0.731
elubrrwvkdedznaidqay.jpg,0.7282
elvycskwzasvzeevlkjn.jpg,0.269
embslhqpiqpayeknyouz.jpg,0.731
enljvcjumlchhkneqnan.jpg,0.2704
enoiazlvqekiqxfcihsu.jpg,0.2692
epcbnbenvjvzuzlcucjl.jpg,0.2711
eqmnjtacxzijgjzpuytl.jpg,0.7205
equowkgwlzroxhcvmprn.jpg,0.7163
erxpqrsijhoikaeorrxp.jpg,0.6729
euccsukbzbnubrlboqdm.jpg,0.269
evedliddralbjkhycrzm.jpg,0.269
evoiokackvxsolkgzhnd.jpg,0.2734
evuxfriescuopisfkimu.jpg,0.269
ewnriytbnebfxwmoelpy.jpg,0.7307
excvarsvwsqsegphgetq.jpg,0.276
eymxkinudunmlvnfhlyg.jpg,0.301
ezvsyfloccbsutayyidu.jpg,0.731
faekpucuchuptfmjochf.jpg,0.7308
fbgjjylockhoqblodqse.jpg,0.269
fbjnxsvpqgnvumdbupcg.jpg,0.3831
fdqpwcoebcgwrakahvuc.jpg,0.2704
ffafbdzoqwbjukvkvyph.jpg,0.6931
fhfjnywssiddywpgcjec.jpg,0.7304
fkbocbavdajijcikpkvg.jpg,0.269
fkoujrdmhuitiylzoudg.jpg,0.7302
fmctwlvtywbxudwagxke.jpg,0.269
fnkjouiepdxqguzqlysa.jpg,0.7308
fombbxrgcpycyjfqtgta.jpg,0.269
fovjsmkielpgirtexzjy.jpg,0.269
fowhycesaznbwgvebxqr.jpg,0.269
fqsrdzvgishrtfklhwik.jpg,0.7308
fswtwwcbsemgjgxcxseh.jpg,0.2705
ftaffshuxvtexizsymlu.jpg,0.7248
fwtbtncwdmsrwwtgkiim.jpg,0.269
fxpvrfcoeuaxqvzmqrxg.jpg,0.269
fxqcfwpftoroyglysaks.jpg,0.731
fypnbvdjytoeycwfkbof.jpg,0.2694
fzlcmpfpfqymcngmwgwg.jpg,0.7304
fzlzcqhxvzrckmnvntfa.jpg,0.2993
gapfyxdsjutjesqakqxo.jpg,0.2836
gasrcbfrhcdhtriwjcvk.jpg,0.731
gbgqofiroaqsiehechup.jpg,0.269
gbyawdxamfqfinotvxik.jpg,0.3439
gcgsnpzrwkjllaxpemix.jpg,0.2707
gcolhgceouxnwofwqtse.jpg,0.7307
gcumygqpczrsoktzhcxn.jpg,0.4596
gdpdlnnpggazktiheqkr.jpg,0.2726
gfvupvcwdvgvmcumbtpc.jpg,0.7309
gggghhiiwpibeguqydpv.jpg,0.269
gjcbchzwwzhalelstrgf.jpg,0.269
gjldcpbzwqooapfqvnth.jpg,0.7304
gkbwxmoxtodywedgvgei.jpg,0.731
gkqkwktrwapavlknxmwl.jpg,0.731
glcayauaezgueljpptkn.jpg,0.269
gmbsiygtbedxanchuzxo.jpg,0.7289
gnllstkcsadxbivopbgj.jpg,0.6301
gnpqjlwznprfzzacemkn.jpg,0.731
gnxjubfbvmtirxahnxcg.jpg,0.269
gnzcgtsidisvvtrdewbl.jpg,0.2717
gomzvygffqiktnbdtyuu.jpg,0.6345
goyijscvqgczkjintlxe.jpg,0.7274
gquxunkuicmxdkmqhiji.jpg,0.7307
grfhuyudhyjamiozobrw.jpg,0.7303
grwudhhhgfkmegpunqpg.jpg,0.269
grzifiwxiqnwpptdqpzn.jpg,0.6957
gsuavyiywupanhubikcd.jpg,0.2692
gujkqmwpuelfoguykdko.jpg,0.269
gvkflshwzbjrxpgyewxy.jpg,0.269
gwfrocyrrikqyyxejhis.jpg,0.731
gwzvgsawsmfblkttfcuq.jpg,0.3184
gyxusxmedrzuluhgnvco.jpg,0.269
habmbscmfxjezsrhbdoe.jpg,0.7239
hahzuoiofxftftclcwca.jpg,0.269
hdgidhdwjosysbsmidtm.jpg,0.269
hdjerfhchodobzwjiotu.jpg,0.7246
hesheiqzqdjvmtctvicv.jpg,0.269
hespqkawrnjiytsibffo.jpg,0.7303
hgickigemldelqcogvfr.jpg,0.269
hgrrvhakkzyyadxhzedv.jpg,0.731
hhxjgoitttbylxwipvcm.jpg,0.731
hhyebyflshxradawipah.jpg,0.2927
higmlqirjksxovamllqk.jpg,0.731
hisoulsaiwifhvuzigjm.jpg,0.269
hjsgkozzghmrlqvrpnpd.jpg,0.373
hkojclwrvasvijmwknha.jpg,0.73
hlaxqnowxihpxxzvkydj.jpg,0.269
hlpbcdzpkttpthfsgdev.jpg,0.7293
hlxjtdswmckwvjpuqdfg.jpg,0.7287
hmcfyyvlmewxiydjcnis.jpg,0.7307
hmdjkcjmzaywsjzohcaf.jpg,0.7294
hmohcpuywowofoehmhzo.jpg,0.269
hmzdaigslznqxxyxtysn.jpg,0.2831
hndemjhnkqfdtuseletk.jpg,0.269
hpnkexumxklgdoxrsnlp.jpg,0.269
hqwoptxkhmuazjxpoyjt.jpg,0.2704
hsotgdhdhnqtczyommpo.jpg,0.2909
htpsjdnngvmkjduratxl.jpg,0.269
huayvjoskxwdzcouhosy.jpg,0.2738
hufjsqsdnnmqgogoreey.jpg,0.731
hvagezydxlddblyullrf.jpg,0.3009
hvxndfzdcevasvqtdwkg.jpg,0.2694
hyliitymhmhdvjmlxhax.jpg,0.7306
hynogkqncsbbwrdrmnjy.jpg,0.287
hzxlftrpgsnomzcbidlp.jpg,0.2692
iagpcyhpcgofjbuysnmh.jpg,0.2846
iauuambxmhxukalaepft.jpg,0.2691
ibnlezbdbqhsuawwvevi.jpg,0.6608
iddrtbxeewsozlcmykku.jpg,0.2827
iducvyouevsurwjhtvkb.jpg,0.731
iejafhebncqcgirtfhmp.jpg,0.3062
ihyfaoievvgnelhyapwc.jpg,0.7305
ijlvlptdaaanxuhrpeut.jpg,0.635
imnbegdoeqztmlabsyfe.jpg,0.269
intrhkjmaaqohjrjuqeg.jpg,0.269
ioornzlhtzlqffzypgts.jpg,0.7308
ipkoywwsovizhfncsklm.jpg,0.7189
iqjpgkmhwvxwvcwqtkhk.jpg,0.7265
iraamnvnqcitjydckxau.jpg,0.7241
iszeyhqwdebjvjllgrkc.jpg,0.731
iutbriqerqskzbrbdyco.jpg,0.269
ivqlljesiulwnrgvbcxn.jpg,0.269
iwpjqwqggiwivsoicrxy.jpg,0.364
ixbswtabzyczzarfwavr.jpg,0.269
ixhanyqzzuifgdgywyml.jpg,0.269
jbivguzxjjdqlfnfhchc.jpg,0.7307
jcvpbgszgixmebuigzym.jpg,0.269
jdefdmnjbtkdzjyzgaqt.jpg,0.269
jdscczvurbvtqmnwamlg.jpg,0.269
jeuqbzovwyqbnjdqsdjj.jpg,0.731
jexprcimpcddyhutnxxw.jpg,0.731
jgsuakvbvpoyqbybakea.jpg,0.27
jiedbbwgymvwzyopywjz.jpg,0.269
jjezszamxjvuxdotoqqs.jpg,0.269
jjtvvibtleyavnbvmgam.jpg,0.621
jkihrcpxymyoomwlhrvv.jpg,0.7281
jkwnnqtnuiargwskbqfc.jpg,0.7202
jkxeygtsfodfqeccgxsm.jpg,0.269
jlsjgydlcofelyvrpqql.jpg,0.269
jmghndwmnudlrgvzaevh.jpg,0.269
jnujizpfdqdglnritkcb.jpg,0.2777
johvhherqnvirzmbqtkz.jpg,0.731
jokxsmrovwxpbpnusjbd.jpg,0.6691
joqajbejnjwujozynvqt.jpg,0.6804
jpaosufrhcafiycvtwuz.jpg,0.269
jpqlzlegmydaasilezzs.jpg,0.731
jttklexkpqehqhmreqav.jpg,0.2692
jvwpxfubowwuukcbtzvn.jpg,0.697
jwgitepstujfeqemuqfv.jpg,0.731
jwmpmjspuaqxrucdpugi.jpg,0.269
jxuwwtxedfiwftxzecvh.jpg,0.731
jzqaavxlboxaqzgbpklu.jpg,0.7284
jzyezvpmcfmulngrjcfr.jpg,0.3264
kbyyfjtyrwgpfkfeqnon.jpg,0.6637
kcuvqxkojpjnxoqjgrcx.jpg,0.5007
kdnkblqbqfrmzlhwnlkt.jpg,0.2697
kezsqmyyirxeoicxlevz.jpg,0.731
kffosllpmfaemdinijqx.jpg,0.731
kfojqxkiqqzvrtzacvjq.jpg,0.5355
kfzuoyrdsncolxginnsx.jpg,0.2776
kgqljfwcbkpwklikxlyz.jpg,0.269
khivlnxsznspxxclqqou.jpg,0.7235
khqvtpebxxqvxlgtvaea.jpg,0.7308
kihmqamsztgtfnyntzwx.jpg,0.2693
kijgzicsohjluxqjfkzk.jpg,0.2692
klpgqbqtwdvsotpdyxkq.jpg,0.2706
klqqjqnnvyeemvkavivp.jpg,0.3378
kmwyvgaflacvbkxmorta.jpg,0.269
kqdlsulfnkkokvpygzon.jpg,0.269
kqzopodoksrxmsghxfxq.jpg,0.7258
krleerwemhoadfovsygk.jpg,0.269
kszlbvlzlvcecfmqsdrb.jpg,0.269
kugcowedbiowoalfjzmr.jpg,0.2698
kusetfzhrhpecxtcryyo.jpg,0.269
kxhoopunpvpjncutssxr.jpg,0.7237
lawmlbrfqogvztvzoeud.jpg,0.731
ldlqpodalyeodanwzfgc.jpg,0.269
ldybwsmrmkugsdqpnheb.jpg,0.7301
lgaeespzjoadjrzkuphd.jpg,0.7232
lgbhzcusqtpkvkzzdyjx.jpg,0.731
lgkprsrlczfcktbqyrnx.jpg,0.336
lhfdfdkcrepoougdxpta.jpg,0.7309
ljgzfirsfwhcdkocuozu.jpg,0.269
lmzvhqiddenbcskmidpt.jpg,0.269
lnhouaiubslildofoiax.jpg,0.2697
lnqvzncbctberewmmutx.jpg,0.269
lprdjalmttmitseuntir.jpg,0.269
lqbqinmjiflfmdvblamr.jpg,0.731
lqcoloayxcopirnevdcj.jpg,0.269
lqjpguhswizfgyxgitgr.jpg,0.731
lqrvnuzsvknlojsbnwao.jpg,0.7299
lrwxewojgmdenxycrjpq.jpg,0.269
lsayplgreddsyvgtpijs.jpg,0.731
lsecbjohmshkzfyhwnvz.jpg,0.269
lsgvwtrfomheqbuicsux.jpg,0.7176
lsoqioynrqlkciiyyecx.jpg,0.2699
lsvxedldglknjtmulkcc.jpg,0.3235
luyaebreqcctmzsfavud.jpg,0.2858
lvljwdswffheuhpwteud.jpg,0.36
lwfeiyzckugcelrzljtg.jpg,0.269
lwsmccqxzdkonpdnzofl.jpg,0.269
lzzilkcdezfcvwwdreye.jpg,0.731
mafnvtgxzqzxskyqsssa.jpg,0.269
mazinfmjbwsclvemqoro.jpg,0.2692
mbzmgqotxtyivsbmiqdf.jpg,0.269
mccihljzlksnufplknyo.jpg,0.731
mczcgyxcsahblsycynyt.jpg,0.2691
mdbgywsbcvrnrzldrccc.jpg,0.269
mdpizxquijjcvquqkeuj.jpg,0.269
mekfuruzmybubtgttjjm.jpg,0.269
mewwfkogymchtnzgzjxe.jpg,0.7262
meyhbflotbzqsykxiokb.jpg,0.7309
mfilqdxwtolhmnvleybe.jpg,0.7303
mfsrwqurpvgetivibbyg.jpg,0.269
mfvmxucqkqbqtprhtlid.jpg,0.269
mgfhevufmcljirfvsjet.jpg,0.7237
mggyfsssfjuhnnuzjzjn.jpg,0.7309
mgnyyxzqruwafujyttqm.jpg,0.7112
mhcfehkynsmohqgnkwbh.jpg,0.7074
mijfsegsoocdteepdurc.jpg,0.731
mjkbexvvaaqdcozstvbf.jpg,0.269
mkmhaaosbwlgecjjlfdf.jpg,0.731
mksdiqwavlwujcxbboee.jpg,0.2694
mkwujbrfseevtiirbpgd.jpg,0.2734
mldswcksdrurhqxqtwhe.jpg,0.269
mlneumwnayimgvomxlkw.jpg,0.2691
mmdijabdinnzxixgkpez.jpg,0.7145
mnegexrnjhqiezxgxhqh.jpg,0.7243
momggphlkddgzvoyoiub.jpg,0.731
movfzbwrhyrkbhjaslbc.jpg,0.731
mpaxpvgyxjgzxudmuuir.jpg,0.6675
mspkeatwihqzrorrkdey.jpg,0.269
mtauwiyubyuqfnagayaz.jpg,0.731
mtmwzobyazavhpccnmmk.jpg,0.7098
mttwgkeumpwkigielkyo.jpg,0.269
mtvuyfoqqktornupmnqi.jpg,0.269
mxbqttvlrnhopynmljvq.jpg,0.269
myaztmrrbqishxqbcgdi.jpg,0.7307
mygsqongbmsvyeipokqv.jpg,0.269
mzhfdjzggcrzcfssuany.jpg,0.5747
mzprkgwzaxhshssmrpkb.jpg,0.4808
mzsvtxzenmrcubecjsiz.jpg,0.2712
mzvgcqaocxfthkjixtia.jpg,0.7308
ncynflvqmzujqmtxorma.jpg,0.7249
ndeerpkuyqbptejnxdit.jpg,0.669
ndfgefwgfbxyoqgychgy.jpg,0.2691
ndnqtgwdbthcsplzfzmu.jpg,0.731
ndyeidvaqschfoefnevq.jpg,0.4241
nflipvrpydcifdwlnttq.jpg,0.4221
nftclefsgpubnuihcgav.jpg,0.7311
ngqcrsqhnijqivonkifp.jpg,0.7309
ngsrmajzkxkpcjvwqvyv.jpg,0.6345
nhjvrdobcdudolccsbfu.jpg,0.6248
nidltlkkfypccssjeizp.jpg,0.731
nitdhgrdlemypesgxzfr.jpg,0.269
njghlopgsurdpkdbirgm.jpg,0.728
nkikemfrjzylhoitjote.jpg,0.269
nlcrhlsdnbriryywbtds.jpg,0.6346
nlhaguxtuyibykuvvzpd.jpg,0.2726
nmozibaiclocosexadvo.jpg,0.731
nnsurakddskvdoiofyve.jpg,0.2747
nqothkcxrcuhzmyxypdz.jpg,0.269
nrwhrdppxzsmfskmdbpl.jpg,0.731
ntmzebnnumhbdmxvraso.jpg,0.7302
ntndfalcutscmmoxdwzo.jpg,0.269
nvnfaherfsujtfowdbkl.jpg,0.269
nwefentdmpcfvvgdidfm.jpg,0.731
nwgrfbahduwrigmmuitd.jpg,0.269
nxjimcgfrayyirgbyfjv.jpg,0.6676
nxstrobpqhfapdhuqqcm.jpg,0.2698
nymbnvpmmrvioyozurxn.jpg,0.7151
nyqalzppmimpttbetbtb.jpg,0.269
oazyqymevzupcgnfqifz.jpg,0.269
objnunjysssojplubbgf.jpg,0.4085
obvsuzdidtqwddjrfdww.jpg,0.7223
ochlqecubuobettuvwdp.jpg,0.269
ocplzwzmojinombjabty.jpg,0.7307
odhzrppimlwcoxdolnjg.jpg,0.7307
odnjjnyvmrmkxyofmrtz.jpg,0.2693
odnpyacwbhpfydevmvte.jpg,0.269
odpmddckdboimlkclskj.jpg,0.269
oeelfazwhejiyjccsmqn.jpg,0.731
oengpfjwojeprqivfeyz.jpg,0.2691
oepjdzyuzlzwnjahfwzc.jpg,0.269
ofoaottwvludhuyropsn.jpg,0.7307
ofwdruessnujzqjexyei.jpg,0.7281
ohrwiupqwajxfpsoorkp.jpg,0.269
oibpckdipkfaowqpwalf.jpg,0.269
ojpeenpbtgpgugibecfy.jpg,0.692
ojxxwezxbehvwwtksaff.jpg,0.269
okwdkzpagrkknckqwghi.jpg,0.5935
onotrkeirxodtyfksqrx.jpg,0.7295
oohaeigmxlhesetuwmgb.jpg,0.731
ooxcmvjjythzrtbykzbz.jpg,0.2691
oqpwiybzirgxxxlbvrag.jpg,0.2741
oqqtesgyqbfwnlqxbxsp.jpg,0.731
oqxcfxggunvdlkqgfewi.jpg,0.2876
ormzkpfuqxeunzmymvsi.jpg,0.269
orsjvvtslbnlgjuuiidg.jpg,0.7146
orxrwoazqlltccbwglgi.jpg,0.269
otiknyskcxewyslgcaob.jpg,0.731
ougnvgqdibeipwnchnyl.jpg,0.3044
ouqdjaohqyomtgadalkv.jpg,0.729
ouvahnqjkzyleiutzikt.jpg,0.269
ovdypvgqunuvsnjwhgio.jpg,0.7309
ovncgmfqtlyxjyuvtbpt.jpg,0.269
oxreycouvsvrgwtdhpdh.jpg,0.7307
oxvalbmdruepdvalmovq.jpg,0.73
oxvomhuybxqqyzuvjmlc.jpg,0.269
oyhrnzmcrjovzsuhczdy.jpg,0.691
oyiqmplsgivhxcrlsgio.jpg,0.7292
oylpywpwgobocnawyaed.jpg,0.269
oyoqyxxcamqusinxplmp.jpg,0.731
oyqwnffhendlwjcyjdyz.jpg,0.731
ozhzrlikcoouivnfuthl.jpg,0.2744
ozungexywdyyardbukbs.jpg,0.731
pcysghicikpolzsztwma.jpg,0.731
pdjfnlcgxzzdvvolukiy.jpg,0.269
pedazzvqyytjhpduouvo.jpg,0.7307
pfxytdyeduqgiwwspztn.jpg,0.269
pgobnitmnqrgmcwduzeq.jpg,0.269
pgpebcnbvlknfplzqxxx.jpg,0.5132
pgyswjixhnotvoewligc.jpg,0.285
phxtxhkopniorhptahbf.jpg,0.7308
pinxoiwvpevdnbcvhwei.jpg,0.2692
pjsbflucfhbdafpiabij.jpg,0.269
pklcqngsfvrttsspwsjn.jpg,0.269
pknxzenryjooustiawmw.jpg,0.731
pkzzsjpmmzeegcrqttsr.jpg,0.269
plpuqqqijvodtyezypzf.jpg,0.269
plrgukhhquwtlqihygth.jpg,0.269
pmtfrejwdtzjnyshfiht.jpg,0.269
pnkzahzacatlptcluvod.jpg,0.269
poaoduufrleadyyvvfhh.jpg,0.269
posbdkmyezbyzduhutsn.jpg,0.731
powqsnpoynygwqsciedp.jpg,0.731
ppuoksjdrsqkusnzqsnk.jpg,0.269
pqcqnfmvenruswzzclcl.jpg,0.269
provwyubupyqckderddu.jpg,0.2691
puffrdoqktbmqmfdwvln.jpg,0.269
pvnfpiyrwyaxpcuzmppf.jpg,0.7309
pvylcugzviwaxrilergy.jpg,0.7308
pxxrokikiylopjuplxmc.jpg,0.269
pzalatwvifegnofcxafg.jpg,0.6205
qaxwelpmkvdrevguaukl.jpg,0.731
qbswzsfmdsinrjrfmczi.jpg,0.269
qdmcexhzmycvwarmdzic.jpg,0.2709
qejvwybanfltsrksevdp.jpg,0.269
qfprwyjlgycejeypfrka.jpg,0.7308
qfqqwsquirjhzmjrjkzv.jpg,0.7309
qfyvmxkfpofeknuginpe.jpg,0.269
qgbmftqqbjhbnwgpqfcv.jpg,0.6025
qgmidwyyesltvnpozkfd.jpg,0.269
qgsnyemntqeimlamvmjx.jpg,0.269
qhhpekntxvggqqrjeezu.jpg,0.7115
qhidvpjjnvoiosfthzsu.jpg,0.7308
qhwklybmfcyksvddsgye.jpg,0.7263
qianymzyrxhvfsdavpcc.jpg,0.7308
qiqmeorgjqjqpjvaovtg.jpg,0.2691
qjytvtdkfmscqclykobd.jpg,0.731
qkbbjxtyvwctdyrlvyit.jpg,0.731
qkvrxzjvtigbmljxbrda.jpg,0.7283
qlquqfqamdiaolxchcht.jpg,0.731
qnsjzywzoxvejgewkzdj.jpg,0.7308
qonypesvckwgrampchzp.jpg,0.269
qqbkigcidkthehovngqu.jpg,0.269
qrlnhrbsdvsxcwfgjghi.jpg,0.5046
qszghitfrlrvipliozxl.jpg,0.269
qtrksiuykhyzislhxxug.jpg,0.2912
qutogpwuagkheqvamzws.jpg,0.2692
qwhvkcwctjllkdxaycvj.jpg,0.3771
qxdhtkagyebqoahislzb.jpg,0.7308
qxkkmdcvgvegzgwcvuep.jpg,0.269
qxmsgghcckelkadxoyih.jpg,0.269
qyggvfumwxvmzprwnmfq.jpg,0.269
qyyrtnstekhhazzzjllu.jpg,0.269
qzkvfqhatimkyhyxhazi.jpg,0.731
qzwkbwnilmhhrbsivwmr.jpg,0.2703
rarwedwkgivamorvmpbq.jpg,0.7129
rdmfxdkrfidwlfydbxmt.jpg,0.731
rdqmlrqscqxevtllbwpl.jpg,0.3828
rfamaiitioqpheoclvmr.jpg,0.7309
rflvceijlrviwomeqicx.jpg,0.7309
ripbazdlcizcxqppvwnk.jpg,0.5286
rkhqlpojvtyxeircfmnt.jpg,0.2691
rkhvxagrlegvhbnpyymx.jpg,0.269
rlqbmonstfhqqdlmivhc.jpg,0.269
rlswkrrqojpdxkhyuemo.jpg,0.7235
rnjxztjaebtpvegoizvl.jpg,0.269
rnxdywbwepqokhbteslv.jpg,0.731
rotatyptdlbhvgylappa.jpg,0.269
rpsebdqhvkmenufcndcy.jpg,0.7308
rrckhsctqancuwhsqvzd.jpg,0.429
rrsickunxytydkehlwmv.jpg,0.269
rtpipsednylovebdtzsj.jpg,0.269
rttdpbqxspblulrpnvtu.jpg,0.269
rwecytvaiyxvxetsruyj.jpg,0.269
saezmcjcnbosnrcfqcbe.jpg,0.7303
sayzffvvevfqhcvbidcl.jpg,0.269
scjzwejgqzznlevtgyik.jpg,0.7304
scvsaetihhugavvgpluw.jpg,0.269
sgbkxfjobrbuqdaoejyx.jpg,0.4046
shdqypkzqxifywqykdgw.jpg,0.731
shvqgakhgrcixysuhkly.jpg,0.2693
sjkqrzjunpnxqugfzbyu.jpg,0.269
slyhtrmmtgesklplvmsh.jpg,0.269
snehzthkthgivzbenyom.jpg,0.269
snmsfhhflrbuquytirqu.jpg,0.7231
sqwvuwyasmwxlapymatm.jpg,0.7288
srdgrdpwyzzwaqlmgsta.jpg,0.686
srldvfcqyidfrxuzital.jpg,0.7265
stwkwmxwuuwomvdrimoq.jpg,0.269
stzlxqyhnrmajkacdtjw.jpg,0.269
svfpugvdnwcvcnbhrrqp.jpg,0.269
sxycngmpjaxdmnvasgny.jpg,0.5341
szvimaajqfkciifhdqgx.jpg,0.269
taigfzgimihtnfmbukho.jpg,0.7307
takdddybcsdawxhfoamw.jpg,0.7129
takfibxfjsqrcionbhuf.jpg,0.269
tampppyippgqlukisrji.jpg,0.4065
tcmiukyiyofececqheyk.jpg,0.731
tdkyminsnnhvwtlrklvt.jpg,0.731
tejucwwygtvurdktlhew.jpg,0.7309
temrobqglynurielufzu.jpg,0.7307
teqkbajpzrcmlnziwlne.jpg,0.269
terobhtbllgmsdektxtv.jpg,0.269
tesvzdjilqsprrsznlou.jpg,0.7309
tficyxerrjzrpglgdkkt.jpg,0.7303
tfzvpknvxbsfnlzfctrb.jpg,0.269
thmvbryzowwcnnorjfjo.jpg,0.6514
tjihzpujuvatpiothyfq.jpg,0.7306
tjuxfnnsglwyajgdzrzx.jpg,0.2692
tmzsghbqkeavanlwhppi.jpg,0.269
tntgmzocxobxrecwwamr.jpg,0.269
toetlhhhkggxuzavicna.jpg,0.349
tosyximecghajwopeoid.jpg,0.731
tpkcsfgpkutpyorbxnma.jpg,0.269
tsvepqybltwdvahbwbek.jpg,0.269
turudimbdmpzwxilfnwj.jpg,0.269
tuxqnzvivmiqjlarexno.jpg,0.7309
twunnccwoidcyrahvhcs.jpg,0.731
tymqqgxnfaewztpyursx.jpg,0.7307
tyueqyhoxyuzcjbqrwmh.jpg,0.269
tyvazezsavrwmsocrdeh.jpg,0.731
ublwpvebzhxzcvdtqbty.jpg,0.2707
ueplhnddcezkfqkareaj.jpg,0.731
uhtokkrvkvxscwnmhwjt.jpg,0.3191
uibemuqrejkispjiiqmr.jpg,0.7309
ujdzmgljccipesiitbfv.jpg,0.269
ulbpgbxvkirnmjehtnlp.jpg,0.2697
umpzypxrahlnrokpnkud.jpg,0.7309
uncyswkmadvcrtdgwiow.jpg,0.4696
uodfjeaxvfimdhaocdeo.jpg,0.731
uphhuntozyqkvkfzeabp.jpg,0.731
upyzddyatyfgmnnystms.jpg,0.2691
uqeusovutdtulnjdoyjs.jpg,0.2696
uqzwrcphhirwuywedple.jpg,0.269
utarqpgkfxuxgohvplco.jpg,0.6932
utghmwlqufvjsomovafc.jpg,0.269
uuzcwdbxcvhwvdqypala.jpg,0.269
uvrujzuyrklrsokmgmnc.jpg,0.7307
uwnyyxsoakydzeqyqnfn.jpg,0.269
uxjijcbfdjuaigagwcti.jpg,0.269
uxmolaogrvqzglejtkgh.jpg,0.731
uxmwqrmxqzzscovwmugm.jpg,0.7005
uxyboavqtehaqggpjvyx.jpg,0.7079
uyfsostetgyrzbmqzear.jpg,0.269
uygmcrhthvvbwvficuzc.jpg,0.2692
uyyibksdoladackffuyc.jpg,0.3199
uzfngwgctbjzcgfpoejl.jpg,0.269
uzpgixzodjkaqakxzxgu.jpg,0.5203
uzppblgcsjrwhgofcmig.jpg,0.731
vanwhmqwcyfmvglucxgm.jpg,0.269
vaqkyulwhjpifjazqrio.jpg,0.7309
vcklrzpxtpbtdqkewofr.jpg,0.269
vctklgmnfwxkrbyfobyh.jpg,0.71
vdmqcaqdxajizeytrrsl.jpg,0.7296
vejafcwjxkurpomqsovw.jpg,0.2715
veuaabtedwpjqzmpdpzy.jpg,0.7307
vfyudylrqrfekkleucpp.jpg,0.7308
vgfgnaoefsnubvojrkht.jpg,0.7298
vghlzcssurwbdcoloyhr.jpg,0.269
vgnqpsrgfiqrsetnuslx.jpg,0.2691
vgvmqgzubitqdomfzyjl.jpg,0.727
vgyjkojqnnjmqxxizgqh.jpg,0.2696
vhbaucfjdvrxickkdhdo.jpg,0.7296
vhxisycvtltwdxqzhqts.jpg,0.2713
vikyyrpusucixvdzxutg.jpg,0.269
vjtmeqiiyipxlvosokml.jpg,0.7309
vkponkspdyoraaxfxvkf.jpg,0.731
vkrxloogukbajrvmtmyh.jpg,0.3388
vkryqewgmaqdngqlzwem.jpg,0.731
vlnaruiairwlovamrgeq.jpg,0.2902
vmyqyqjaxkrgmaounuhg.jpg,0.731
vqeecepjmhsmfnpgftkz.jpg,0.6424
vqfwbiftmdvanlbynqnu.jpg,0.269
vrjhycfslftcgakrrogl.jpg,0.269
vtxshuqhwpfzagutewcf.jpg,0.269
vunwvyjnagdgamsrzgin.jpg,0.269
vuqevysxiodvoafcjdvi.jpg,0.7012
vxcjsxvaucfswhwpyqxk.jpg,0.2691
vxftoxbznsysnbivltob.jpg,0.269
vxkvkimlynqoirsbhbel.jpg,0.7308
vxmqkfejbreblavuambp.jpg,0.6725
vyvswdfnqmphjqosmerr.jpg,0.731
vyxsrcohplvrmudpnqmp.jpg,0.731
waalqfipczmurqaumexv.jpg,0.269
waieruigtaggzpfjkbqc.jpg,0.5328
waqqnowvfatdnfqvzcbq.jpg,0.634
wbgvxormngtwvwohlbhk.jpg,0.269
wbsqrhlolivbxdgsbpkr.jpg,0.7307
wcawuumbmwrpvcywwmnh.jpg,0.7302
wcibchbyuvghiabnvqvb.jpg,0.7233
wcvbltzsszqtdmtjztfq.jpg,0.724
wemheoaobkwllgppzkit.jpg,0.2691
wfoslemclduvkzoxlwmk.jpg,0.6268
wgkjnvwwvbyckaefkvgp.jpg,0.7305
whbvjjzmmghmeckbokhd.jpg,0.731
widhwywzsryxrbbyquxv.jpg,0.269
wjewerjwdylemrdfxygh.jpg,0.7272
wjkuwoquxcqtvmwbydki.jpg,0.269
wlidfylvouxelivuksmy.jpg,0.269
wltivuiplhajqyumyyra.jpg,0.269
wogssxzpgfjsdziayudj.jpg,0.5888
wpjhqkpoueiogrwwbhnq.jpg,0.2915
wplixqwnhzqlslnldevw.jpg,0.269
wptzsuqauvnfpfrtcuqi.jpg,0.357
wqzgfswtmnpcsbnhinok.jpg,0.3271
wrsiaxewxuvrmjidsaex.jpg,0.7202
wthagqhnzfuwstaxcwya.jpg,0.269
wuytkfhwhpfpekirysaw.jpg,0.269
wuyvpufspjodhawbrxzu.jpg,0.731
wvkokgwubjwuukitdrst.jpg,0.269
wwwfzelsqmqfjqjxinlp.jpg,0.269
wyacqmyjcqhqawomulco.jpg,0.3484
wyfgdwhrsnowonrpnavx.jpg,0.269
wysxlbiujiibbchhwapb.jpg,0.342
xbgkfqzykfmxqqsievng.jpg,0.7084
xbnfubogtpmjmspxmtlh.jpg,0.5951
xcailmpgaqsuhunnuucq.jpg,0.7306
xdjyidcwdspajqwalmqx.jpg,0.269
xdnlytjobzhvmezmvipj.jpg,0.269
xebxsspphsjplkvhdohw.jpg,0.269
xfsfjbkckeflikjfqowy.jpg,0.731
xgrcgucfvphduvgsmcms.jpg,0.269
xiwpyqbppiguvkuelrha.jpg,0.6837
xjzibwpysqxflunnzfoi.jpg,0.2692
xndqcdqacdhlavpagghb.jpg,0.269
xnhvzrldpchzofmqscae.jpg,0.4008
xovtrlfcjwaqoemypbdb.jpg,0.269
xpuexjkoopucdokdagqr.jpg,0.269
xqitcjqmoiivobcsyxbg.jpg,0.2885
xsnxudwrofdmiccxkbtc.jpg,0.7305
xtecwzztymuuwhelhrty.jpg,0.5479
xtfamyirzcppadbqbejl.jpg,0.7203
xtfqbvjwtdjncudtvkah.jpg,0.7304
xtlqtisvmxilaetdrcjv.jpg,0.269
xvgrjpjibmzgazeukckb.jpg,0.269
xvytvkfcfyakwagknzog.jpg,0.269
xxhmssqarzypkvkmdmuu.jpg,0.728
xybmisgqvdmhyohfsgvp.jpg,0.269
xydojzhwjysqbfvydawq.jpg,0.7209
xzhovvmaqcanfhzkojxu.jpg,0.7241
xzzsxjidgbzjmxiaaxup.jpg,0.6778
yafzwujidbwfbswaslnt.jpg,0.2695
ycfelbjofjcwrifmwqpo.jpg,0.269
ycjkelmpkuiqfgpvuzgq.jpg,0.269
ydgbunvfjuqwtxyfclhg.jpg,0.269
yehmloyoxkvxgzcwkyhl.jpg,0.731
yezxkspwbkgnilxpjajy.jpg,0.6662
ygzyhqxiewiojycjazrm.jpg,0.269
yhnjrejwtgrxkwwakzrz.jpg,0.269
yjlqzcypxrisycpzzzgr.jpg,0.7305
yjxndxcuswuttumgzsbh.jpg,0.269
ylscxoakykslficumydl.jpg,0.731
ymxfayumlfjbtpixnrbf.jpg,0.269
ynguqrqlacopupwufqoj.jpg,0.6711
ynssdembkfmhyroivcmy.jpg,0.269
ynuhlcrgncgzvfomescd.jpg,0.7074
yophuxitcwszeuyyqmsp.jpg,0.269
ypcksyvojsxiikqwhaju.jpg,0.2691
yqfndvwhpaprlvtybjxx.jpg,0.2738
ytpekzxadmghmxvsekdy.jpg,0.731
yukosvxahjdwphyunwvw.jpg,0.2692
yusmlkweyessdukglrgk.jpg,0.269
yviatxorgaavxcfvjaqu.jpg,0.269
yyhcjqacavipujxopzfm.jpg,0.7134
yyqdsdvujtxxfvqzphml.jpg,0.7174
yyqghnlnhrzqevvkzaks.jpg,0.7244
yyqqvyskmawvtklbgpvr.jpg,0.2691
zbxijoomsigvensfsiid.jpg,0.2691
zclxenjwsqwqtnonluna.jpg,0.269
zcofkppkkwmgksbyrdlm.jpg,0.731
zcpbhmttuzafjymywuka.jpg,0.5876
zdmnhnzsvaacogxplrtk.jpg,0.269
zebexjatyjjcekmdpexu.jpg,0.6585
zecwhibsvhkuwhckmsng.jpg,0.269
zeiprsbgxajsvyicghul.jpg,0.269
zejoxtscjtmspffkwers.jpg,0.7305
zfsncsynizjpfbuwrypp.jpg,0.269
zgpradiwtouawknlsshg.jpg,0.2782
zipwndjttploxfdtnmzh.jpg,0.2691
zkgcnjitxoizmbriaewd.jpg,0.7302
zkgutmgmvaauddmxknfr.jpg,0.2703
zlqgigkaelddfcwitaer.jpg,0.731
zlrzimffqptdondjglge.jpg,0.731
zmmilxfeicripvvkaoot.jpg,0.731
zmxhdvqgembadvepdmcz.jpg,0.7299
znbijwdmepmaysbskjtx.jpg,0.3933
zpjlbfhurhygjnqccpii.jpg,0.269
zrtxkpkmklvendfvzmhx.jpg,0.2706
ztepcphiqcrjllkwozgj.jpg,0.7309
zterdijbdgdtylwzgmap.jpg,0.269
ztnoxnohhqtgidcyvihi.jpg,0.731
zvavwunqimpeqmiahuxd.jpg,0.731
zwihjhyiqjrcsbyfwgdm.jpg,0.269
zxaoejaxlyrjqcvrjben.jpg,0.269
zxmhmmdojtrqcpzbfqmo.jpg,0.269
zyeduzrzwbsdfogyaeug.jpg,0.269
zyqqhnasbxwsbnbskifk.jpg,0.2712
zytbqidsjtourxzyfasw.jpg,0.269
zzvskanujrkgxmzcqofh.jpg,0.6967
